IoC,Type
2022-04-26_1606.docx.zip,Filename
"Form - Apr 26, 2022.docx.zip",Filename
Address Changed.zip,Filename
2022-26-04_0802.zip,Filename
My current address update.zip,Filename
New Address.zip,Filename
2022-26-04_0816.zip,Filename
Payment details.zip,Filename
2022-04-26_1128.docx.zip,Filename
New Address.zip,Filename
Payment.zip,Filename
Wire transfer info.zip,Filename
Bill address change.zip,Filename
Invoice 0619270568 H2553042.zip,Filename
PO 04252022.zip,Filename
Address and payment info.zip,Filename
Address and payment info.zip,Filename
Report.docx.zip,Filename
34fb63e8bf1de3dd06c307867c7eaf2fe89bb4cdc08bc2faa27bb9792cb05f02,Hash
515b11781d62ba80cdf843b611a291b2a24ef923e9b3e459a3f9acf4a2fcd84c,Hash
4eefc1701c97c2acf8f79c87f7b6d16079f07d00ab8e16a277f74f1bad5317f1,Hash
3ae5cc6d59b6bdca54fde017d5813162aea4ba1c628e950c382c01f8875b02cc,Hash
b24ae572ae383103a72ca4a021e8bfe01f9abd09a59e76aa127d52cd9e69c73a,Hash
915cbe95b3bc56c9d632dcfcdfb4bc866562eb7f859a99c940f99921ee2400e5,Hash
5442b73edec7449e16c588f9fa24f3023938366af47d24516f63e0d89532ac5b,Hash
15ae5f217a363200c4a72b364121aceff1e9e10ae393295ce711d77a8e6e7ef2,Hash
24ccf08091bf8bd4c69bbb167c2fe3c452c0c3d939becd7ab46ebffbe2fb2833,Hash
a666b34d20ad57b4593d855987a762a37662c9f9a508665bc3ff0d287c504c6e,Hash
a94f044bb3b3b8288a174d80e4d6cf0237bc6dbac0ba041e99e65ee12ba2b594,Hash
a15e10b30d05426aa59d63b4024674827ee2acfdc22f4cd68ed529a49db0164b,Hash
22ff897f31eb4bc958df238ccf7bc822f11297505af91506b5cc1b10c874842c,Hash
138.201.142.73,IP
138.197.147.101,IP
149.56.131.28,IP
129.232.188.93,IP
185.4.135.165,IP
206.189.28.199,IP
45.235.8.30,IP
45.118.115.99,IP
187.84.80.182,IP
212.24.98.99,IP
188.44.20.25,IP
82.165.152.127,IP
176.104.106.96,IP
164.68.99.3,IP
103.132.242.26,IP
107.182.225.142,IP
151.106.112.196,IP
45.176.232.124,IP
119.193.124.41,IP
134.122.66.193,IP
209.126.98.206,IP
185.8.212.130,IP
201.94.166.162,IP
167.99.115.35,IP
212.237.17.99,IP
173.212.193.249,IP
51.91.7.5,IP
101.50.0.91,IP
103.85.160.5,IP
131.100.24.199,IP
93.104.209.56,IP
51.79.205.117,IP
138.197.90.158,IP
image001.png,testfile
